1,UpdateUser,sid,Qwerty#123,Sid,Kela,User,1234567890,sid@gmail.com,summit ave,premium,123gh,DL12345678,1995-05-25,,,,,,,,,,,,,
2,UpdateUser,sid,Qwerty#124,Sid,Kela,User,1234567891,sid@gmail.com,summit ave,premium,,DL12345679,1995-05-26,,,,,,,,,,,Vehicle number cannot be blank,,
3,UpdateUser,sid,Qwerty#125,Sid,Kela,User,1234567892,sid@gmail.com,summit ave,premium,123gh,,1995-05-27,,,,,,,,,,,,License number cannot be blank,
4,UpdateUser,,Qwerty#126,Sid,Kela,User,1234567893,sid@gmail.com,summit ave,premium,123gh,DL12345681,1995-05-28,,Username cannot be blank,,,,,,,,,,,
5,UpdateUser,sid,Qwerty#127,Sid,Kela,User,1234567894,,summit ave,premium,123gh,DL12345682,1995-05-29,,,,,,,,Email cannot be blank,,,,,
6,UpdateUser,sid,Qwert,Sid,Kela,User,1234567895,sid@gmail.com,summit ave,premium,123gh,DL12345683,1995-05-30,,,Password must be atleast 6 characters long,,,,,,,,,,
7,UpdateUser,sid,Qwerty,Sid,Kela,User,1234567896,sid@gmail.com,summit ave,premium,123gh,DL12345684,1995-05-31,,,Password must contain atleast one digit one lower case letter one upper case letter and one special character,,,,,,,,,,
8,UpdateUser,sid,Qwerty#130,SK,Kela,User,1234567897,sid@gmail.com,summit ave,premium,123gh,DL12345685,1995-06-01,,,,First Name must be between 3 and 10 characters,,,,,,,,,
9,UpdateUser,sid,Qwerty#131,SKkkkkkkkk,Kela,User,1234567898,sid@gmail.com,summit ave,premium,123gh,DL12345686,1995-06-02,,,,,,,,,,,,,
10,UpdateUser,sid,Qwerty#132,SKkkkkkkkkk,Kela,User,1234567899,sid@gmail.com,summit ave,premium,123gh,DL12345687,1995-06-03,,,,First Name must be between 3 and 10 characters,,,,,,,,,
11,UpdateUser,sid,Qwerty#131,Sid#123,Kela,User,1234567898,sid@gmail.com,summit ave,premium,123gh,DL12345686,1995-06-02,,,,First Name must contain only characters,,,,,,,,,
12,UpdateUser,sid,Qwerty#132,Sid,K,User,1234567899,sid@gmail.com,summit ave,premium,123gh,DL12345687,1995-06-03,,,,,Last Name must be between 3 and 45 characters,,,,,,,,
13,UpdateUser,sid,Qwerty#133,Sid,K123,User,1234567900,sid@gmail.com,summit ave,premium,123gh,DL12345688,1995-06-04,,,,,Last Name must contain only characters,,,,,,,,
14,UpdateUser,sid,Qwerty#134,Sid,Kela,User,1234567901,sid@gmail.com,,premium,123gh,DL12345689,1995-06-05,,,,,,,,,Address cannot be blank,,,,
15,UpdateUser,sid,Qwerty#135,Sid,Kela,User,1234567902,sid@gmail.com,sa,premium,123gh,DL12345690,1995-06-06,,,,,,,,,Address must be between 4 and 45 characters,,,,
16,UpdateUser,sid,Qwerty#136,Sid,Kela,User,1234567903,sid@gmail.com,sum$*,premium,123gh,DL12345691,1995-06-07,,,,,,,,,Address must contain only characters hyphens spaces and /' ,,,,
17,UpdateUser,sid,Qwerty#137,Sid,Kela,User,12345679,sid@gmail.com,summit ave,premium,123gh,DL12345692,1995-06-08,,,,,,,Phone number must exactly be 10 digits,,,,,,
18,UpdateUser,sid,Qwerty#138,Sid,Kela,User,1234567905,sid@gmail.com,summit ave,premium,123gh,DL12345693,09 June 1995,,,,,,,,,,,,,Invalid date format
19,UpdateUser,sid,Qwerty#139,Sid,Kela,User,1234567906,sid@gmail.com,summit ave,premium,123gh,DL12345694,2095-06-10,,,,,,,,,,,,,Date is in future
20,UpdateUser,sid,Qwerty#140,Sid,Kela,User,1234567907,sid@gmail.com,summit ave,premium,123gh,DL12345695,2029-04-30,,,,,,,,,,,,,Date is in future
21,UpdateUser,sid,Qwerty#140,Sid,Kela,User,1234567907,sid@gmail.com,summit ave,premium,123gh,DL12345695,hars,,,,,,,,,,,,,Invalid date format
22,UpdateUser,sid,Qwerty#141,Sid,Kela,User,1234567908,sid@gmail.com,summit ave,har,123gh,DL12345696,1995-06-12,,,,,,,,,,Invalid parking Type,,,
23,UpdateUser,sid,Qwerty#142,Sid,Kela,User,1234567909,sid@gmail.com,summit ave,access,123gh,DL12345697,1995-06-13,,,,,,,,,,,,,
24,UpdateUser,sid,Qwerty#143,Sid,Kela,User,1234567910,sid@gmail.com,summit ave,midrange,123gh,DL12345698,1995-06-14,,,,,,,,,,,,,
25,UpdateUser,sid,Qwerty#144,Sid,Kela,User,1234567911,sid@gmail.com,summit ave,basic,123gh,DL12345699,1995-06-15,,,,,,,,,,,,,
26,UpdateUser,sid,Qwerty#145,Sid,Kela,User,,sid@gmail.com,summit ave,premium,123gh,DL12345700,1995-06-16,,,,,,,Phone number cannot be blank cannot be blank,,,,,,
27,UpdateUser,sid,Qwerty#146,Sid,Kela,User,asdfghjklt,sid@gmail.com,summit ave,premium,123gh,DL12345701,1995-06-17,,,,,,,Phone number must be a number,,,,,,
28,,sid,Qwerty#147,Sid,Kela,User,1234567914,sid@gmail.com,summit ave,premium,123gh,DL12345702,1995-06-18,,,,,,,,,,,,,
29,UpdateUser,sid,Qwerty#148,Siddddddddd,Kela,User,1234567915,sid@gmail.com,summit ave,premium,123gh,DL12345703,1995-06-19,,,,First Name must be between 3 and 10 characters,,,,,,,,,
30,searchCompany,harshita,,,,,,,,,,,,,,,,,,,,,,,,
31,searchCompany,,,,,,,,,,,,,,Username cannot be blank,,,,,,,,,,,
32,,,,,,,,,,,,,,,,,,,,,,,,,,
